{"inputUnits":[34],"outputUnits":3,"inputs":{"0":{"dtype":"number","min":136.78731044598257,"max":494.6743566204465},"1":{"dtype":"number","min":136.34427492613912,"max":369.6739949306317},"2":{"dtype":"number","min":146.46817272401924,"max":507.45398805852517},"3":{"dtype":"number","min":121.31127325879666,"max":352.96654297826814},"4":{"dtype":"number","min":129.53357540376004,"max":479.5983462863498},"5":{"dtype":"number","min":126.8387786686769,"max":352.2672008492096},"6":{"dtype":"number","min":186.85188278584917,"max":514.8320572464554},"7":{"dtype":"number","min":129.43149202283595,"max":330.0430452521549},"8":{"dtype":"number","min":129.1766589426855,"max":441.8215172007302},"9":{"dtype":"number","min":132.16925429554246,"max":346.8189737717775},"10":{"dtype":"number","min":241.68319583171524,"max":479.927519562184},"11":{"dtype":"number","min":195.957872119331,"max":353.1457924052753},"12":{"dtype":"number","min":196.23565703572353,"max":382.61932670489153},"13":{"dtype":"number","min":183.61576548793857,"max":364.95862934789227},"14":{"dtype":"number","min":324.0036587780214,"max":498.13293338054336},"15":{"dtype":"number","min":129.54747131228677,"max":442.8138610958821},"16":{"dtype":"number","min":179.6154999314693,"max":310.1660370408443},"17":{"dtype":"number","min":118.91263906021564,"max":413.6466394019173},"18":{"dtype":"number","min":325.9739003915768,"max":528.2494986312896},"19":{"dtype":"number","min":65.4621610585709,"max":473.84156106275884},"20":{"dtype":"number","min":126.28711187351516,"max":303.33667420504383},"21":{"dtype":"number","min":61.088215194018034,"max":456.60455595912526},"22":{"dtype":"number","min":274.61447048373157,"max":393.09558295831806},"23":{"dtype":"number","min":395.5391605369761,"max":456.092613770483},"24":{"dtype":"number","min":258.83832600614016,"max":333.9256474009731},"25":{"dtype":"number","min":388.494626169781,"max":439.0410936738548},"26":{"dtype":"number","min":248.4664447033382,"max":400.44899016560635},"27":{"dtype":"number","min":481.8173229671129,"max":556.540305897971},"28":{"dtype":"number","min":245.88760941116897,"max":335.0387376930281},"29":{"dtype":"number","min":484.00382594058385,"max":556.5778749402735},"30":{"dtype":"number","min":260.3933438455384,"max":394.8337392825597},"31":{"dtype":"number","min":553.3887242248416,"max":563.5374992028546},"32":{"dtype":"number","min":256.85284590395804,"max":337.23260801438},"33":{"dtype":"number","min":556.5743959066231,"max":563.9260626303986}},"outputs":{"0":{"dtype":"number","min":0,"max":255},"1":{"dtype":"number","min":0,"max":255},"2":{"dtype":"number","min":0,"max":255}},"isNormalized":true}